ID,Created at,Updated at,Label,Description,Form ID,Order,Api name,UUID,Type,Parent ID,Delete Parent ID,Acrofieldlabel,Section ID,Excluded,Partial label,Custom,Show group label,Height,Page,Width,X,Y,Unified field ID,Delete,Hidden,Toggle description
6727001,2025-06-25T16:21:53.435035Z,2025-06-25T16:21:53.435035Z,,,52471,1,,d5d74f75-d8ae-40e5-87e6-ce114153dbad,TextField,,Delete Parent ID,,8261,false,,false,false,,,,,,901,Delete,false,false
6727002,2025-06-25T16:21:53.435035Z,2025-06-25T16:21:53.435035Z,,,52471,2,,0eeffabb-6f22-4f81-9760-a5a93ed35e1f,TextField,,Delete Parent ID,,8261,false,,false,false,,,,,,902,Delete,false,false
6727003,2025-06-25T16:21:53.435035Z,2025-06-25T16:21:53.435035Z,,,52471,3,,58e11212-3094-4f96-a4a1-5ba71a566c0c,TextField,,Delete Parent ID,,8261,false,,false,false,,,,,,903,Delete,false,false
6727004,2025-06-25T16:21:53.435035Z,2025-06-25T16:21:53.435035Z,,,52471,4,,de986388-9295-47e2-9e1f-32817205f132,TextField,,Delete Parent ID,,8261,false,,false,false,,,,,,904,Delete,false,false
6727005,2025-06-25T16:21:53.435035Z,2025-06-25T16:21:53.435035Z,,,52471,5,,bffcbf10-a2e6-4efe-96ce-5f92f0b0420a,TextField,,Delete Parent ID,,8261,false,,false,false,,,,,,905,Delete,false,false
6727006,2025-06-25T16:21:53.435035Z,2025-06-25T16:21:53.435035Z,,,52471,6,,e5492ed9-958f-4e71-87e1-521375b64d93,TextField,,Delete Parent ID,,8261,false,,false,false,,,,,,906,Delete,false,false
6727007,2025-06-25T16:21:53.435035Z,2025-06-25T16:21:53.435035Z,,,52471,7,,485adc3e-a7ac-4384-9892-9063c988ce6f,TextField,,Delete Parent ID,,8261,false,,false,false,,,,,,907,Delete,false,false
6727008,2025-06-25T16:21:53.435035Z,2025-06-25T16:21:53.435035Z,,,52471,8,,9192702a-e162-42ae-ae39-65bb7814fbf7,TextField,,Delete Parent ID,,8261,false,,false,false,,,,,,908,Delete,false,false
6727009,2025-06-25T16:21:53.435035Z,2025-06-25T16:21:53.435035Z,,,52471,9,,72782337-6793-4e8b-9050-70c7f979c1ac,TextField,,Delete Parent ID,,8261,false,,false,false,,,,,,909,Delete,false,false
6727010,2025-06-25T16:21:53.435035Z,2025-06-25T16:21:53.435035Z,,,52471,10,,6dfc4b7c-4894-4063-ac35-7f124c27558c,TextField,,Delete Parent ID,,8261,false,,false,false,,,,,,910,Delete,false,false
6727011,2025-06-25T16:21:53.435035Z,2025-06-25T16:21:53.435035Z,,,52471,11,,d15fc1da-7a70-48a2-b6c3-3c1127ad409b,TextField,,Delete Parent ID,,8261,false,,false,false,,,,,,911,Delete,false,false
6727012,2025-06-25T16:21:53.435035Z,2025-06-25T16:21:53.435035Z,,,52471,12,,e3661313-68db-4307-bf7c-84ac3f831dbc,TextField,,Delete Parent ID,,8261,false,,false,false,,,,,,912,Delete,false,false
6727013,2025-06-25T16:21:53.435035Z,2025-06-25T16:21:53.435035Z,,,52471,13,,132b9492-6f70-4f36-a63e-34c88989c166,TextField,,Delete Parent ID,,8261,false,,false,false,,,,,,913,Delete,false,false
6727014,2025-06-25T16:21:53.435035Z,2025-06-25T16:21:53.435035Z,,,52471,14,,29deb325-51e0-4978-90f6-9f65edf4a588,TextField,,Delete Parent ID,,8261,false,,false,false,,,,,,914,Delete,false,false
6727015,2025-06-25T16:21:53.435035Z,2025-06-25T16:21:53.435035Z,,,52471,15,,242ac051-2bd7-49af-b26b-96def4ce1d3e,TextField,,Delete Parent ID,,8261,false,,false,false,,,,,,915,Delete,false,false
6727016,2025-06-25T16:21:53.435035Z,2025-06-25T16:21:53.435035Z,,,52471,16,,26ee3606-e428-4db1-9b10-ea6ced688a89,TextField,,Delete Parent ID,,8261,false,,false,false,,,,,,916,Delete,false,false
6727017,2025-06-25T16:21:53.435035Z,2025-06-25T16:21:53.435035Z,,,52471,17,,3e5d489f-3892-4e63-aa95-ab62bcbeaf38,TextField,,Delete Parent ID,,8261,false,,false,false,,,,,,917,Delete,false,false
6727018,2025-06-25T16:21:53.435035Z,2025-06-25T16:21:53.435035Z,,,52471,18,,8d420257-45a8-4369-96b6-22cdfa430a9f,TextField,,Delete Parent ID,,8261,false,,false,false,,,,,,918,Delete,false,false
6727019,2025-06-25T16:21:53.435035Z,2025-06-25T16:21:53.435035Z,,,52471,19,,728b96cc-dccf-42fa-8633-0878340392f2,TextField,,Delete Parent ID,,8261,false,,false,false,,,,,,919,Delete,false,false
6727020,2025-06-25T16:21:53.435035Z,2025-06-25T16:21:53.435035Z,,,52471,20,,178cb861-3cd2-4a37-b48b-588e97d08e69,TextField,,Delete Parent ID,,8261,false,,false,false,,,,,,920,Delete,false,false
6727021,2025-06-25T16:21:53.435035Z,2025-06-25T16:21:53.435035Z,,,52471,21,,31e1a934-8775-48de-b527-08b842656e3d,TextField,,Delete Parent ID,,8261,false,,false,false,,,,,,921,Delete,false,false
6727022,2025-06-25T16:21:53.435035Z,2025-06-25T16:21:53.435035Z,,,52471,22,,dd8b2f3b-1b80-4926-bffd-a40b42c11957,TextField,,Delete Parent ID,,8261,false,,false,false,,,,,,922,Delete,false,false
6727023,2025-06-25T16:21:53.435035Z,2025-06-25T16:21:53.435035Z,,,52471,23,,39102758-7456-4a84-9881-004baca3a17e,TextField,,Delete Parent ID,,8261,false,,false,false,,,,,,923,Delete,false,false
6727024,2025-06-25T16:21:53.435035Z,2025-06-25T16:21:53.435035Z,,,52471,24,,f41cedfb-53b6-4d61-9ae2-16542d6697a4,TextField,,Delete Parent ID,,8261,false,,false,false,,,,,,924,Delete,false,false
6727025,2025-06-25T16:21:53.435035Z,2025-06-25T16:21:53.435035Z,,,52471,25,,b16c5f9d-73bc-47ee-886a-43e63e353fc1,TextField,,Delete Parent ID,,8261,false,,false,false,,,,,,925,Delete,false,false
6727026,2025-06-25T16:21:53.435035Z,2025-06-25T16:21:53.435035Z,,,52471,26,,3205e246-733d-4d26-bdd0-c51cec3e349f,TextField,,Delete Parent ID,,8261,false,,false,false,,,,,,926,Delete,false,false
6727027,2025-06-25T16:21:53.435035Z,2025-06-25T16:21:53.435035Z,,,52471,27,,885015bb-146d-4857-874e-1be10652057d,TextField,,Delete Parent ID,,8261,false,,false,false,,,,,,927,Delete,false,false
6727028,2025-06-25T16:21:53.435035Z,2025-06-25T16:21:53.435035Z,,,52471,28,,40409b5b-dfcc-4317-a690-2cba693b4786,TextField,,Delete Parent ID,,8261,false,,false,false,,,,,,928,Delete,false,false
6727029,2025-06-25T16:21:53.435035Z,2025-06-25T16:21:53.435035Z,,,52471,29,,0ab47e3e-4c24-4666-a0cd-855297a225cd,TextField,,Delete Parent ID,,8261,false,,false,false,,,,,,929,Delete,false,false
6727030,2025-06-25T16:21:53.435035Z,2025-06-25T16:21:53.435035Z,,,52471,30,,3cc827a8-2590-474e-89df-3862875b73cc,TextField,,Delete Parent ID,,8261,false,,false,false,,,,,,930,Delete,false,false
6727031,2025-06-25T16:21:53.435035Z,2025-06-25T16:21:53.435035Z,,,52471,31,,8a6b56c2-d229-4eeb-af1d-48a258df8ff8,TextField,,Delete Parent ID,,8261,false,,false,false,,,,,,931,Delete,false,false
6727032,2025-06-25T16:21:53.435035Z,2025-06-25T16:21:53.435035Z,,,52471,32,,60f2c715-82a5-40b0-ae5c-03db4e2417ca,TextField,,Delete Parent ID,,8261,false,,false,false,,,,,,932,Delete,false,false
6727033,2025-06-25T16:21:53.435035Z,2025-06-25T16:21:53.435035Z,,,52471,33,,133e9493-9616-4559-bf86-ffb0eea5ac75,TextField,,Delete Parent ID,,8261,false,,false,false,,,,,,933,Delete,false,false
6727034,2025-06-25T16:21:53.435035Z,2025-06-25T16:21:53.435035Z,,,52471,34,,9a54e1f8-abee-4483-bf4f-fee46293cc7d,TextField,,Delete Parent ID,,8261,false,,false,false,,,,,,934,Delete,false,false
6727035,2025-06-25T16:21:53.435035Z,2025-06-25T16:21:53.435035Z,,,52471,35,,4da6dd0d-79b7-4ade-8739-b8b712ed1c4d,TextField,,Delete Parent ID,,8261,false,,false,false,,,,,,935,Delete,false,false
6727036,2025-06-25T16:21:53.435035Z,2025-06-25T16:21:53.435035Z,,,52471,36,,40231f38-d49a-4b8d-a4e4-4715868790d0,TextField,,Delete Parent ID,,8261,false,,false,false,,,,,,936,Delete,false,false
6727037,2025-06-25T16:21:53.435035Z,2025-06-25T16:21:53.435035Z,,,52471,37,,281374e6-ba39-4abf-a61b-c98f33a56f5f,TextField,,Delete Parent ID,,8261,false,,false,false,,,,,,937,Delete,false,false
6727038,2025-06-25T16:21:53.435035Z,2025-06-25T16:21:53.435035Z,,,52471,38,,2941bfd2-4904-488a-bb28-ecea7f6812a4,TextField,,Delete Parent ID,,8261,false,,false,false,,,,,,938,Delete,false,false
6727039,2025-06-25T16:21:53.435035Z,2025-06-25T16:21:53.435035Z,,,52471,39,,9c639a7d-f215-436f-b76d-3c2a45ce5d18,TextField,,Delete Parent ID,,8261,false,,false,false,,,,,,939,Delete,false,false
6727040,2025-06-25T16:21:53.435035Z,2025-06-25T16:21:53.435035Z,,,52471,40,,0f9c97b1-37ec-4670-982c-737d24e6becd,TextField,,Delete Parent ID,,8261,false,,false,false,,,,,,940,Delete,false,false
6727041,2025-06-25T16:21:53.435035Z,2025-06-25T16:21:53.435035Z,,,52471,41,,ecb920f1-9671-4d09-97bc-7729d8d7da13,TextField,,Delete Parent ID,,8261,false,,false,false,,,,,,941,Delete,false,false
6727042,2025-06-25T16:21:53.435035Z,2025-06-25T16:21:53.435035Z,,,52471,42,,e1083ab9-1268-4691-b926-7db93fd10d3f,TextField,,Delete Parent ID,,8261,false,,false,false,,,,,,942,Delete,false,false
6727043,2025-06-25T16:21:53.435035Z,2025-06-25T16:21:53.435035Z,,,52471,43,,ae8aabc5-0b35-4d03-905a-1d273d96c5a6,TextField,,Delete Parent ID,,8261,false,,false,false,,,,,,943,Delete,false,false
6727044,2025-06-25T16:21:53.435035Z,2025-06-25T16:21:53.435035Z,,,52471,44,,0b2aad20-b76b-452b-8c7d-a428c2b963bc,TextField,,Delete Parent ID,,8261,false,,false,false,,,,,,944,Delete,false,false
6727045,2025-06-25T16:21:53.435035Z,2025-06-25T16:21:53.435035Z,,,52471,45,,90608a21-c1a6-4eb8-8ee8-2661ef056060,TextField,,Delete Parent ID,,8261,false,,false,false,,,,,,945,Delete,false,false
6727046,2025-06-25T16:21:53.435035Z,2025-06-25T16:21:53.435035Z,,,52471,46,,815101fd-e3ae-42ec-ac18-40c09ef3877c,TextField,,Delete Parent ID,,8261,false,,false,false,,,,,,946,Delete,false,false
6727047,2025-06-25T16:21:53.435035Z,2025-06-25T16:21:53.435035Z,,,52471,47,,d6e146ad-32b6-4e67-b6f0-e5a6ff50cd41,TextField,,Delete Parent ID,,8261,false,,false,false,,,,,,947,Delete,false,false
6727048,2025-06-25T16:21:53.435035Z,2025-06-25T16:21:53.435035Z,,,52471,48,,e3de1aca-0606-46be-a030-4086c8f566f4,TextField,,Delete Parent ID,,8261,false,,false,false,,,,,,948,Delete,false,false
6727049,2025-06-25T16:21:53.435035Z,2025-06-25T16:21:53.435035Z,,,52471,49,,dcb43b49-6d31-4ed2-8a50-0fecc87fa86d,TextField,,Delete Parent ID,,8261,false,,false,false,,,,,,949,Delete,false,false
6727050,2025-06-25T16:21:53.435035Z,2025-06-25T16:21:53.435035Z,,,52471,50,,0d087a3b-1aef-4faf-97a5-752515f3c64b,TextField,,Delete Parent ID,,8261,false,,false,false,,,,,,950,Delete,false,false
6727051,2025-06-25T16:21:53.435035Z,2025-06-25T16:21:53.435035Z,,,52471,51,,5cf36e54-10a8-4f05-8273-ace880d49529,TextField,,Delete Parent ID,,8261,false,,false,false,,,,,,951,Delete,false,false
6727052,2025-06-25T16:21:53.435035Z,2025-06-25T16:21:53.435035Z,,,52471,52,,b7c4893c-b099-4357-89b5-fa22ded0dc49,TextField,,Delete Parent ID,,8261,false,,false,false,,,,,,952,Delete,false,false
6727053,2025-06-25T16:21:53.435035Z,2025-06-25T16:21:53.435035Z,,,52471,53,,6c5cd5b0-8039-4779-9a2c-1f5ca7e87464,TextField,,Delete Parent ID,,8261,false,,false,false,,,,,,953,Delete,false,false
6727054,2025-06-25T16:21:53.435035Z,2025-06-25T16:21:53.435035Z,,,52471,54,,6a18d185-d9db-4ba6-bf8c-0d5c7fe04188,TextField,,Delete Parent ID,,8261,false,,false,false,,,,,,954,Delete,false,false
6727055,2025-06-25T16:21:53.435035Z,2025-06-25T16:21:53.435035Z,,,52471,55,,714addd5-8577-4980-af31-b3e523b0d775,TextField,,Delete Parent ID,,8261,false,,false,false,,,,,,955,Delete,false,false
6727056,2025-06-25T16:21:53.435035Z,2025-06-25T16:21:53.435035Z,,,52471,56,,fc78c21b-dce0-4738-840d-d179a3fde625,TextField,,Delete Parent ID,,8261,false,,false,false,,,,,,956,Delete,false,false
6727057,2025-06-25T16:21:53.435035Z,2025-06-25T16:21:53.435035Z,,,52471,57,,d285df95-f514-4d22-9467-554ad32082f1,TextField,,Delete Parent ID,,8261,false,,false,false,,,,,,957,Delete,false,false
6727058,2025-06-25T16:21:53.435035Z,2025-06-25T16:21:53.435035Z,,,52471,58,,b024acdc-2258-4661-815d-66a123f63914,TextField,,Delete Parent ID,,8261,false,,false,false,,,,,,958,Delete,false,false
6727059,2025-06-25T16:21:53.435035Z,2025-06-25T16:21:53.435035Z,,,52471,59,,938d0465-f299-480c-b02e-f6015ee5a7e3,TextField,,Delete Parent ID,,8261,false,,false,false,,,,,,959,Delete,false,false
6727060,2025-06-25T16:21:53.435035Z,2025-06-25T16:21:53.435035Z,,,52471,60,,940b3b0e-3c71-4848-a280-30ee7b381000,TextField,,Delete Parent ID,,8261,false,,false,false,,,,,,960,Delete,false,false
6727061,2025-06-25T16:21:53.435035Z,2025-06-25T16:21:53.435035Z,,,52471,61,,d9c71696-4117-43a9-8051-54dc248bf04e,TextField,,Delete Parent ID,,8261,false,,false,false,,,,,,961,Delete,false,false
6727062,2025-06-25T16:21:53.435035Z,2025-06-25T16:21:53.435035Z,,,52471,62,,f7cb265b-0a52-48bd-ba47-00b989e93be1,TextField,,Delete Parent ID,,8261,false,,false,false,,,,,,962,Delete,false,false
6727063,2025-06-25T16:21:53.435035Z,2025-06-25T16:21:53.435035Z,,,52471,63,,91e23629-8771-457f-b974-8a302bcefe89,TextField,,Delete Parent ID,,8261,false,,false,false,,,,,,963,Delete,false,false
6727064,2025-06-25T16:21:53.435035Z,2025-06-25T16:21:53.435035Z,,,52471,64,,5b495082-d0c1-465a-9f2d-79ef68cc0d7f,TextField,,Delete Parent ID,,8261,false,,false,false,,,,,,964,Delete,false,false
6727065,2025-06-25T16:21:53.435035Z,2025-06-25T16:21:53.435035Z,,,52471,65,,b338d406-8720-4f7d-941a-9e396b1c3009,TextField,,Delete Parent ID,,8261,false,,false,false,,,,,,965,Delete,false,false
6727066,2025-06-25T16:21:53.435035Z,2025-06-25T16:21:53.435035Z,,,52471,66,,1cfc1ee0-2173-4314-916a-82f1616e5b8c,TextField,,Delete Parent ID,,8261,false,,false,false,,,,,,966,Delete,false,false
6727067,2025-06-25T16:21:53.435035Z,2025-06-25T16:21:53.435035Z,,,52471,67,,7089480b-45e0-43f1-83d6-9ce86532f097,TextField,,Delete Parent ID,,8261,false,,false,false,,,,,,967,Delete,false,false
6727068,2025-06-25T16:21:53.435035Z,2025-06-25T16:21:53.435035Z,,,52471,68,,88318826-19d8-4e79-8f2e-4109a43b2042,TextField,,Delete Parent ID,,8261,false,,false,false,,,,,,968,Delete,false,false
6727069,2025-06-25T16:21:53.435035Z,2025-06-25T16:21:53.435035Z,,,52471,69,,1bc7e4dd-a2a1-4673-98c8-eed90d6753b9,TextField,,Delete Parent ID,,8261,false,,false,false,,,,,,969,Delete,false,false
6727070,2025-06-25T16:21:53.435035Z,2025-06-25T16:21:53.435035Z,,,52471,70,,ac512507-c512-40a2-a679-6cf2cf1b279e,TextField,,Delete Parent ID,,8261,false,,false,false,,,,,,970,Delete,false,false
6727071,2025-06-25T16:21:53.435035Z,2025-06-25T16:21:53.435035Z,,,52471,71,,215f4e7a-3711-469e-aca4-71b36a77fcce,TextField,,Delete Parent ID,,8261,false,,false,false,,,,,,971,Delete,false,false
6727072,2025-06-25T16:21:53.435035Z,2025-06-25T16:21:53.435035Z,,,52471,72,,70c33fd3-b8b2-4564-b160-b8be050239f6,TextField,,Delete Parent ID,,8261,false,,false,false,,,,,,972,Delete,false,false
6727073,2025-06-25T16:21:53.435035Z,2025-06-25T16:21:53.435035Z,,,52471,73,,f43be366-0aec-4a8a-8ea8-19dee75354f7,TextField,,Delete Parent ID,,8261,false,,false,false,,,,,,973,Delete,false,false
6727074,2025-06-25T16:21:53.435035Z,2025-06-25T16:21:53.435035Z,,,52471,74,,aa5b7a39-ce20-4ab7-9ca9-cfadb2abde3e,TextField,,Delete Parent ID,,8261,false,,false,false,,,,,,974,Delete,false,false
6727075,2025-06-25T16:21:53.435035Z,2025-06-25T16:21:53.435035Z,,,52471,75,,94336f64-38d4-4586-975c-9ace4d9059c8,TextField,,Delete Parent ID,,8261,false,,false,false,,,,,,975,Delete,false,false
6727076,2025-06-25T16:21:53.435035Z,2025-06-25T16:21:53.435035Z,,,52471,76,,060011a5-5bfd-46bf-8600-91d59bcecff1,TextField,,Delete Parent ID,,8261,false,,false,false,,,,,,976,Delete,false,false
6727077,2025-06-25T16:21:53.435035Z,2025-06-25T16:21:53.435035Z,,,52471,77,,242c5fed-8578-4fe6-8386-dee4fce1ec09,TextField,,Delete Parent ID,,8261,false,,false,false,,,,,,977,Delete,false,false
6727078,2025-06-25T16:21:53.435035Z,2025-06-25T16:21:53.435035Z,,,52471,78,,27462d10-b14b-490b-b51f-7a3ecc1bddb4,TextField,,Delete Parent ID,,8261,false,,false,false,,,,,,978,Delete,false,false
6727079,2025-06-25T16:21:53.435035Z,2025-06-25T16:21:53.435035Z,,,52471,79,,baf48d69-dc94-41e5-9959-d75f5a06f782,TextField,,Delete Parent ID,,8261,false,,false,false,,,,,,979,Delete,false,false
6727080,2025-06-25T16:21:53.435035Z,2025-06-25T16:21:53.435035Z,,,52471,80,,e9cfd849-8a96-49f1-afbe-df647eb79f59,TextField,,Delete Parent ID,,8261,false,,false,false,,,,,,980,Delete,false,false
6727081,2025-06-25T16:21:53.435035Z,2025-06-25T16:21:53.435035Z,,,52471,81,,b00252e6-ca90-4001-9725-5808ec4102e7,TextField,,Delete Parent ID,,8261,false,,false,false,,,,,,981,Delete,false,false
6727082,2025-06-25T16:21:53.435035Z,2025-06-25T16:21:53.435035Z,,,52471,82,,731689f1-53ee-4211-b32b-7eab835cd2e8,TextField,,Delete Parent ID,,8261,false,,false,false,,,,,,982,Delete,false,false
6727083,2025-06-25T16:21:53.435035Z,2025-06-25T16:21:53.435035Z,,,52471,83,,7c16492e-7407-4bce-8574-e03d859bfe11,TextField,,Delete Parent ID,,8261,false,,false,false,,,,,,983,Delete,false,false
6727084,2025-06-25T16:21:53.435035Z,2025-06-25T16:21:53.435035Z,,,52471,84,,8178551d-babe-4cfb-8233-4f8d5f934185,TextField,,Delete Parent ID,,8261,false,,false,false,,,,,,984,Delete,false,false
6727085,2025-06-25T16:21:53.435035Z,2025-06-25T16:21:53.435035Z,,,52471,85,,691a6a9e-54a2-43c2-b9ab-5c1909c426a0,TextField,,Delete Parent ID,,8261,false,,false,false,,,,,,985,Delete,false,false
6727086,2025-06-25T16:21:53.435035Z,2025-06-25T16:21:53.435035Z,,,52471,86,,26c257cb-25a5-4b37-8897-66e400be6595,TextField,,Delete Parent ID,,8261,false,,false,false,,,,,,986,Delete,false,false
6727087,2025-06-25T16:21:53.435035Z,2025-06-25T16:21:53.435035Z,,,52471,87,,1007b908-b490-4692-b005-0c4dad902e67,TextField,,Delete Parent ID,,8261,false,,false,false,,,,,,987,Delete,false,false
6727088,2025-06-25T16:21:53.435035Z,2025-06-25T16:21:53.435035Z,,,52471,88,,00e2e666-78e4-43b5-aa5a-9f78df9aa9b8,TextField,,Delete Parent ID,,8261,false,,false,false,,,,,,988,Delete,false,false
6727089,2025-06-25T16:21:53.435035Z,2025-06-25T16:21:53.435035Z,,,52471,89,,b1006d30-33c4-4627-a167-7c93e79639b2,TextField,,Delete Parent ID,,8261,false,,false,false,,,,,,989,Delete,false,false
6727090,2025-06-25T16:21:53.435035Z,2025-06-25T16:21:53.435035Z,,,52471,90,,6c599d6b-2d61-4fcd-9fad-a5d72975e72e,TextField,,Delete Parent ID,,8261,false,,false,false,,,,,,990,Delete,false,false
6727091,2025-06-25T16:21:53.435035Z,2025-06-25T16:21:53.435035Z,,,52471,91,,2dfac5cc-4d42-404e-a026-6e8369ff4fd1,TextField,,Delete Parent ID,,8261,false,,false,false,,,,,,991,Delete,false,false
6727092,2025-06-25T16:21:53.435035Z,2025-06-25T16:21:53.435035Z,,,52471,92,,e669cd13-5754-41fe-8f33-7b4b7e0a8eba,TextField,,Delete Parent ID,,8261,false,,false,false,,,,,,992,Delete,false,false
6727093,2025-06-25T16:21:53.435035Z,2025-06-25T16:21:53.435035Z,,,52471,93,,e99c3860-f72f-4e87-b967-d287a7d5acd7,TextField,,Delete Parent ID,,8261,false,,false,false,,,,,,993,Delete,false,false
6727094,2025-06-25T16:21:53.435035Z,2025-06-25T16:21:53.435035Z,,,52471,94,,0bd1ad28-6815-41df-b1fe-707b0775d203,TextField,,Delete Parent ID,,8261,false,,false,false,,,,,,994,Delete,false,false
6727095,2025-06-25T16:21:53.435035Z,2025-06-25T16:21:53.435035Z,,,52471,95,,75959e57-b2e7-42f5-ae08-18d51fa2dc9b,TextField,,Delete Parent ID,,8261,false,,false,false,,,,,,995,Delete,false,false
6727096,2025-06-25T16:21:53.435035Z,2025-06-25T16:21:53.435035Z,,,52471,96,,163c599d-d06a-4357-967b-5361cbf14f2f,TextField,,Delete Parent ID,,8261,false,,false,false,,,,,,996,Delete,false,false
6727097,2025-06-25T16:21:53.435035Z,2025-06-25T16:21:53.435035Z,,,52471,97,,35a93341-e451-47f2-92ff-0aecf85657a1,TextField,,Delete Parent ID,,8261,false,,false,false,,,,,,997,Delete,false,false
6727098,2025-06-25T16:21:53.435035Z,2025-06-25T16:21:53.435035Z,,,52471,98,,4bcea98e-1d3a-4181-a5c5-98e6f5987a8d,TextField,,Delete Parent ID,,8261,false,,false,false,,,,,,998,Delete,false,false
6727099,2025-06-25T16:21:53.435035Z,2025-06-25T16:21:53.435035Z,,,52471,99,,af68c660-992c-4ddf-8c73-6ef26a76ecee,TextField,,Delete Parent ID,,8261,false,,false,false,,,,,,999,Delete,false,false
6727100,2025-06-25T16:21:53.435035Z,2025-06-25T16:21:53.435035Z,,,52471,100,,8e8ec7f0-4d2b-4d05-91b4-4cb042acf1af,TextField,,Delete Parent ID,,8261,false,,false,false,,,,,,1000,Delete,false,false
6727101,2025-06-25T16:21:53.435035Z,2025-06-25T16:21:53.435035Z,,,52471,101,,c5b3d92e-700b-4070-abcc-2cd7c98b9caf,TextField,,Delete Parent ID,,8261,false,,false,false,,,,,,1001,Delete,false,false
6727102,2025-06-25T16:21:53.435035Z,2025-06-25T16:21:53.435035Z,,,52471,102,,95d072ed-6441-4348-a6bb-3a4e1d18ac9b,TextField,,Delete Parent ID,,8261,false,,false,false,,,,,,1002,Delete,false,false
6727103,2025-06-25T16:21:53.435035Z,2025-06-25T16:21:53.435035Z,,,52471,103,,469542d4-441e-4ef1-9d63-6c67f2618e79,TextField,,Delete Parent ID,,8261,false,,false,false,,,,,,1003,Delete,false,false
6727104,2025-06-25T16:21:53.435035Z,2025-06-25T16:21:53.435035Z,,,52471,104,,0a52af6b-8910-46f5-ae25-ef7501b0eebf,TextField,,Delete Parent ID,,8261,false,,false,false,,,,,,1004,Delete,false,false
6727105,2025-06-25T16:21:53.435035Z,2025-06-25T16:21:53.435035Z,,,52471,105,,b36b2128-ea3b-465f-b42b-e91a41b2eaf3,TextField,,Delete Parent ID,,8261,false,,false,false,,,,,,1005,Delete,false,false
6727106,2025-06-25T16:21:53.435035Z,2025-06-25T16:21:53.435035Z,,,52471,106,,d52abb07-a4d3-45f6-bb3b-434d56e53cec,TextField,,Delete Parent ID,,8261,false,,false,false,,,,,,1006,Delete,false,false
6727107,2025-06-25T16:21:53.435035Z,2025-06-25T16:21:53.435035Z,,,52471,107,,eed873da-ed15-4b21-a378-f3605b5a0cc8,TextField,,Delete Parent ID,,8261,false,,false,false,,,,,,1007,Delete,false,false
6727108,2025-06-25T16:21:53.435035Z,2025-06-25T16:21:53.435035Z,,,52471,108,,60cc8c99-a04e-417e-9fc1-fd61a6798638,TextField,,Delete Parent ID,,8261,false,,false,false,,,,,,1008,Delete,false,false
6727109,2025-06-25T16:21:53.435035Z,2025-06-25T16:21:53.435035Z,,,52471,109,,7bee1ba1-9a79-4a5d-9d2b-506fb6290da7,TextField,,Delete Parent ID,,8261,false,,false,false,,,,,,1009,Delete,false,false
6727110,2025-06-25T16:21:53.435035Z,2025-06-25T16:21:53.435035Z,,,52471,110,,bba3fbcb-c944-4ad3-8220-2bf0f6c9ed8e,TextField,,Delete Parent ID,,8261,false,,false,false,,,,,,1010,Delete,false,false
6727111,2025-06-25T16:21:53.435035Z,2025-06-25T16:21:53.435035Z,,,52471,111,,59ea7fc9-eaa5-416d-bc45-dd429d90a245,TextField,,Delete Parent ID,,8261,false,,false,false,,,,,,1011,Delete,false,false
6727112,2025-06-25T16:21:53.435035Z,2025-06-25T16:21:53.435035Z,,,52471,112,,0efd7aec-a132-437f-9868-5358036cf4ba,TextField,,Delete Parent ID,,8261,false,,false,false,,,,,,1012,Delete,false,false
6727113,2025-06-25T16:21:53.435035Z,2025-06-25T16:21:53.435035Z,,,52471,113,,d214f034-302e-48eb-90a0-cff79a32d381,TextField,,Delete Parent ID,,8261,false,,false,false,,,,,,1013,Delete,false,false
6727114,2025-06-25T16:21:53.435035Z,2025-06-25T16:21:53.435035Z,,,52471,114,,05fef48d-d8da-4291-96ca-12abf7d673d3,TextField,,Delete Parent ID,,8261,false,,false,false,,,,,,1014,Delete,false,false
6727115,2025-06-25T16:21:53.435035Z,2025-06-25T16:21:53.435035Z,,,52471,115,,024d12c2-5e7b-4d96-b82c-d0c64a1dc382,TextField,,Delete Parent ID,,8261,false,,false,false,,,,,,1015,Delete,false,false
6727116,2025-06-25T16:21:53.435035Z,2025-06-25T16:21:53.435035Z,,,52471,116,,cd011f2b-0068-4bd8-9a67-18a8a4ffcffe,TextField,,Delete Parent ID,,8261,false,,false,false,,,,,,1016,Delete,false,false
6727117,2025-06-25T16:21:53.435035Z,2025-06-25T16:21:53.435035Z,,,52471,117,,790d9aea-06b3-4dd7-808d-c892546d1567,TextField,,Delete Parent ID,,8261,false,,false,false,,,,,,1017,Delete,false,false
6727118,2025-06-25T16:21:53.435035Z,2025-06-25T16:21:53.435035Z,,,52471,118,,12e26164-b179-43a9-bd82-f3c776d2cff6,TextField,,Delete Parent ID,,8261,false,,false,false,,,,,,1018,Delete,false,false
6727119,2025-06-25T16:21:53.435035Z,2025-06-25T16:21:53.435035Z,,,52471,119,,0a0e17af-b683-48b6-8912-85b96d78b204,TextField,,Delete Parent ID,,8261,false,,false,false,,,,,,1019,Delete,false,false
6727120,2025-06-25T16:21:53.435035Z,2025-06-25T16:21:53.435035Z,,,52471,120,,c81ef42c-f738-4ef2-8983-24fa4eb8f4b5,TextField,,Delete Parent ID,,8261,false,,false,false,,,,,,1020,Delete,false,false
6727121,2025-06-25T16:21:53.435035Z,2025-06-25T16:21:53.435035Z,,,52471,121,,f50dfc59-2fb2-4cd3-9560-c42c2626b1e0,TextField,,Delete Parent ID,,8261,false,,false,false,,,,,,1021,Delete,false,false
6727122,2025-06-25T16:21:53.435035Z,2025-06-25T16:21:53.435035Z,,,52471,122,,2e21e086-7386-4ea3-b9cf-195d0b712c4b,TextField,,Delete Parent ID,,8261,false,,false,false,,,,,,1022,Delete,false,false
6727123,2025-06-25T16:21:53.435035Z,2025-06-25T16:21:53.435035Z,,,52471,123,,d2b961d3-5c02-45bb-adb9-0a14e528f234,TextField,,Delete Parent ID,,8261,false,,false,false,,,,,,1023,Delete,false,false
6727124,2025-06-25T16:21:53.435035Z,2025-06-25T16:21:53.435035Z,,,52471,124,,a5c92a05-dad9-4760-a0d4-a347a63c7ddc,TextField,,Delete Parent ID,,8261,false,,false,false,,,,,,1024,Delete,false,false
6727125,2025-06-25T16:21:53.435035Z,2025-06-25T16:21:53.435035Z,,,52471,125,,3766b4f4-e1c4-4ed2-9b6e-ad5b8f136d8e,TextField,,Delete Parent ID,,8261,false,,false,false,,,,,,1025,Delete,false,false
6727126,2025-06-25T16:21:53.435035Z,2025-06-25T16:21:53.435035Z,,,52471,126,,d7ca67cb-e2d0-4d8f-b0bf-928911ee43c7,TextField,,Delete Parent ID,,8261,false,,false,false,,,,,,1026,Delete,false,false
6727127,2025-06-25T16:21:53.435035Z,2025-06-25T16:21:53.435035Z,,,52471,127,,7b176f85-7787-4840-8dc3-efc57c2b7596,TextField,,Delete Parent ID,,8261,false,,false,false,,,,,,1027,Delete,false,false
6727128,2025-06-25T16:21:53.435035Z,2025-06-25T16:21:53.435035Z,,,52471,128,,d21e33f3-b041-4504-85d2-3f15a29d6918,TextField,,Delete Parent ID,,8261,false,,false,false,,,,,,1028,Delete,false,false
6727129,2025-06-25T16:21:53.435035Z,2025-06-25T16:21:53.435035Z,,,52471,129,,3e26b134-4bb2-46bd-a1b8-b0a858af4043,TextField,,Delete Parent ID,,8261,false,,false,false,,,,,,1029,Delete,false,false
6727130,2025-06-25T16:21:53.435035Z,2025-06-25T16:21:53.435035Z,,,52471,130,,bade344b-2987-453e-ba3b-ce7b9ffc5e9b,TextField,,Delete Parent ID,,8261,false,,false,false,,,,,,1030,Delete,false,false
6727131,2025-06-25T16:21:53.435035Z,2025-06-25T16:21:53.435035Z,,,52471,131,,69cf487b-9347-4352-aab0-6df234e6dce1,TextField,,Delete Parent ID,,8261,false,,false,false,,,,,,1031,Delete,false,false
6727132,2025-06-25T16:21:53.435035Z,2025-06-25T16:21:53.435035Z,,,52471,132,,91e54714-6bf7-4f33-9517-05d7a4ac69b6,TextField,,Delete Parent ID,,8261,false,,false,false,,,,,,1032,Delete,false,false
6727133,2025-06-25T16:21:53.435035Z,2025-06-25T16:21:53.435035Z,,,52471,133,,463fbbdf-5619-49dc-9e6d-e39d0159cb70,TextField,,Delete Parent ID,,8261,false,,false,false,,,,,,1033,Delete,false,false
6727134,2025-06-25T16:21:53.435035Z,2025-06-25T16:21:53.435035Z,,,52471,134,,e7dad654-571a-4bd5-a8da-667d021882e6,TextField,,Delete Parent ID,,8261,false,,false,false,,,,,,1034,Delete,false,false
6727135,2025-06-25T16:21:53.435035Z,2025-06-25T16:21:53.435035Z,,,52471,135,,90801a85-cdc3-4e13-811b-90da1a8b4e4a,TextField,,Delete Parent ID,,8261,false,,false,false,,,,,,1035,Delete,false,false
6727136,2025-06-25T16:21:53.435035Z,2025-06-25T16:21:53.435035Z,,,52471,136,,c622cba4-5b92-43e4-8d4c-5b92905ce760,TextField,,Delete Parent ID,,8261,false,,false,false,,,,,,1036,Delete,false,false
6727137,2025-06-25T16:21:53.435035Z,2025-06-25T16:21:53.435035Z,,,52471,137,,43e0b769-0afc-47b5-807f-aa871658c640,TextField,,Delete Parent ID,,8261,false,,false,false,,,,,,1037,Delete,false,false
6727138,2025-06-25T16:21:53.435035Z,2025-06-25T16:21:53.435035Z,,,52471,138,,500e26e5-9c69-4497-9fa0-eade13f0c894,TextField,,Delete Parent ID,,8261,false,,false,false,,,,,,1038,Delete,false,false
6727139,2025-06-25T16:21:53.435035Z,2025-06-25T16:21:53.435035Z,,,52471,139,,337d4869-5be2-4036-a560-c8c1e86ae001,TextField,,Delete Parent ID,,8261,false,,false,false,,,,,,1039,Delete,false,false
6727140,2025-06-25T16:21:53.435035Z,2025-06-25T16:21:53.435035Z,,,52471,140,,4d160cce-93fa-4295-b340-81884fe12de5,TextField,,Delete Parent ID,,8261,false,,false,false,,,,,,1040,Delete,false,false
6727141,2025-06-25T16:21:53.435035Z,2025-06-25T16:21:53.435035Z,,,52471,141,,fe440233-3eb2-4da4-8c94-e553d7a7a716,TextField,,Delete Parent ID,,8261,false,,false,false,,,,,,1041,Delete,false,false
6727142,2025-06-25T16:21:53.435035Z,2025-06-25T16:21:53.435035Z,,,52471,142,,5a069ee9-8038-4559-b958-424f26aa236d,TextField,,Delete Parent ID,,8261,false,,false,false,,,,,,1042,Delete,false,false
6727143,2025-06-25T16:21:53.435035Z,2025-06-25T16:21:53.435035Z,,,52471,143,,a9080d73-38c3-4ab5-a157-1ec4efc65a94,TextField,,Delete Parent ID,,8261,false,,false,false,,,,,,1043,Delete,false,false
6727144,2025-06-25T16:21:53.435035Z,2025-06-25T16:21:53.435035Z,,,52471,144,,09c54394-7e18-4ed9-ab33-602dc975b750,TextField,,Delete Parent ID,,8261,false,,false,false,,,,,,1044,Delete,false,false
6727145,2025-06-25T16:21:53.435035Z,2025-06-25T16:21:53.435035Z,,,52471,145,,735dd7a0-38ec-4110-9a52-b7e1572b7fd4,TextField,,Delete Parent ID,,8261,false,,false,false,,,,,,1045,Delete,false,false
6727146,2025-06-25T16:21:53.435035Z,2025-06-25T16:21:53.435035Z,,,52471,146,,3302eb6e-4dbc-4359-8e63-909de208d6df,TextField,,Delete Parent ID,,8261,false,,false,false,,,,,,1046,Delete,false,false
6727147,2025-06-25T16:21:53.435035Z,2025-06-25T16:21:53.435035Z,,,52471,147,,606cbcca-e2c7-48ac-b3ed-70f625395cea,TextField,,Delete Parent ID,,8261,false,,false,false,,,,,,1047,Delete,false,false
6727148,2025-06-25T16:21:53.435035Z,2025-06-25T16:21:53.435035Z,,,52471,148,,6d8e1e32-a707-429e-aa74-1b7b1ccc70ba,TextField,,Delete Parent ID,,8261,false,,false,false,,,,,,1048,Delete,false,false
6727149,2025-06-25T16:21:53.435035Z,2025-06-25T16:21:53.435035Z,,,52471,149,,81ab788c-7531-436f-8ec5-d76aaaa9281c,TextField,,Delete Parent ID,,8261,false,,false,false,,,,,,1049,Delete,false,false
6727150,2025-06-25T16:21:53.435035Z,2025-06-25T16:21:53.435035Z,,,52471,150,,7b32607c-6580-4954-8009-b9a0528f0722,TextField,,Delete Parent ID,,8261,false,,false,false,,,,,,1050,Delete,false,false
6727151,2025-06-25T16:21:53.435035Z,2025-06-25T16:21:53.435035Z,,,52471,151,,280740dd-556e-495e-98b0-ebc71725f7a7,TextField,,Delete Parent ID,,8261,false,,false,false,,,,,,1051,Delete,false,false
6727152,2025-06-25T16:21:53.435035Z,2025-06-25T16:21:53.435035Z,,,52471,152,,4d48bfb0-fad0-413b-94be-aeb547bb8860,TextField,,Delete Parent ID,,8261,false,,false,false,,,,,,1052,Delete,false,false
6727153,2025-06-25T16:21:53.435035Z,2025-06-25T16:21:53.435035Z,,,52471,153,,9d9e152e-5578-4f98-9587-76ebe37c6b0d,TextField,,Delete Parent ID,,8261,false,,false,false,,,,,,1053,Delete,false,false
6727154,2025-06-25T16:21:53.435035Z,2025-06-25T16:21:53.435035Z,,,52471,154,,56b71e1d-4e02-402d-aed2-72ad4b7f0d10,TextField,,Delete Parent ID,,8261,false,,false,false,,,,,,1054,Delete,false,false
6727155,2025-06-25T16:21:53.435035Z,2025-06-25T16:21:53.435035Z,,,52471,155,,85c10f35-9bec-4627-b174-0a3c6dfdaaed,TextField,,Delete Parent ID,,8261,false,,false,false,,,,,,1055,Delete,false,false
6727156,2025-06-25T16:21:53.435035Z,2025-06-25T16:21:53.435035Z,,,52471,156,,6773a84c-427a-44fd-8ee9-f16507863e5d,TextField,,Delete Parent ID,,8261,false,,false,false,,,,,,1056,Delete,false,false
6727157,2025-06-25T16:21:53.435035Z,2025-06-25T16:21:53.435035Z,,,52471,157,,18007bb5-1913-4053-9a92-1320dd062cae,TextField,,Delete Parent ID,,8261,false,,false,false,,,,,,1057,Delete,false,false
6727158,2025-06-25T16:21:53.435035Z,2025-06-25T16:21:53.435035Z,,,52471,158,,6baf712e-499f-4531-b74d-d16b7abe01f8,TextField,,Delete Parent ID,,8261,false,,false,false,,,,,,1058,Delete,false,false
6727159,2025-06-25T16:21:53.435035Z,2025-06-25T16:21:53.435035Z,,,52471,159,,b7eb35e6-f20b-4f15-914c-f02182f6e13b,TextField,,Delete Parent ID,,8261,false,,false,false,,,,,,1059,Delete,false,false
6727160,2025-06-25T16:21:53.435035Z,2025-06-25T16:21:53.435035Z,,,52471,160,,94b45521-6511-4596-8da7-44d8e8780e20,TextField,,Delete Parent ID,,8261,false,,false,false,,,,,,1060,Delete,false,false
6727161,2025-06-25T16:21:53.435035Z,2025-06-25T16:21:53.435035Z,,,52471,161,,9bca323e-de23-4f57-814a-435bccc29705,TextField,,Delete Parent ID,,8261,false,,false,false,,,,,,1061,Delete,false,false
6727162,2025-06-25T16:21:53.435035Z,2025-06-25T16:21:53.435035Z,,,52471,162,,f2eea08c-67b6-4820-a9b3-5bfd5a2be52b,TextField,,Delete Parent ID,,8261,false,,false,false,,,,,,1062,Delete,false,false
6727163,2025-06-25T16:21:53.435035Z,2025-06-25T16:21:53.435035Z,,,52471,163,,71e0f2aa-c823-4b69-8f15-17e914f99c1d,TextField,,Delete Parent ID,,8261,false,,false,false,,,,,,1063,Delete,false,false
6727164,2025-06-25T16:21:53.435035Z,2025-06-25T16:21:53.435035Z,,,52471,164,,59d9000f-5be8-4dff-bfc8-c5ff1e61c383,TextField,,Delete Parent ID,,8261,false,,false,false,,,,,,1064,Delete,false,false
6727165,2025-06-25T16:21:53.435035Z,2025-06-25T16:21:53.435035Z,,,52471,165,,e2682b11-f41f-4c7d-bceb-9a719bb3ebc8,TextField,,Delete Parent ID,,8261,false,,false,false,,,,,,1065,Delete,false,false
6727166,2025-06-25T16:21:53.435035Z,2025-06-25T16:21:53.435035Z,,,52471,166,,80d85b20-8eea-468e-a976-831ac2a28c44,TextField,,Delete Parent ID,,8261,false,,false,false,,,,,,1066,Delete,false,false
6727167,2025-06-25T16:21:53.435035Z,2025-06-25T16:21:53.435035Z,,,52471,167,,97291532-9090-49fc-9d95-4445a9da675e,TextField,,Delete Parent ID,,8261,false,,false,false,,,,,,1067,Delete,false,false
6727168,2025-06-25T16:21:53.435035Z,2025-06-25T16:21:53.435035Z,,,52471,168,,89fa088b-e6ef-43d7-a647-ab9fbd19b92f,TextField,,Delete Parent ID,,8261,false,,false,false,,,,,,1068,Delete,false,false
6727169,2025-06-25T16:21:53.435035Z,2025-06-25T16:21:53.435035Z,,,52471,169,,f505244e-3872-4c94-bea4-dc63d166b1a1,TextField,,Delete Parent ID,,8261,false,,false,false,,,,,,1069,Delete,false,false
6727170,2025-06-25T16:21:53.435035Z,2025-06-25T16:21:53.435035Z,,,52471,170,,5549ec65-2bba-4b25-8c7d-fdcf11b138f9,TextField,,Delete Parent ID,,8261,false,,false,false,,,,,,1070,Delete,false,false
6727171,2025-06-25T16:21:53.435035Z,2025-06-25T16:21:53.435035Z,,,52471,171,,99f4e2b2-db67-4749-a26f-7e3ac73388eb,TextField,,Delete Parent ID,,8261,false,,false,false,,,,,,1071,Delete,false,false
6727172,2025-06-25T16:21:53.435035Z,2025-06-25T16:21:53.435035Z,,,52471,172,,46389813-7a9a-4787-b79a-a565250249de,TextField,,Delete Parent ID,,8261,false,,false,false,,,,,,1072,Delete,false,false
6727173,2025-06-25T16:21:53.435035Z,2025-06-25T16:21:53.435035Z,,,52471,173,,28a94932-0bc6-4383-ba8d-09d8e2dbec8d,TextField,,Delete Parent ID,,8261,false,,false,false,,,,,,1073,Delete,false,false
6727174,2025-06-25T16:21:53.435035Z,2025-06-25T16:21:53.435035Z,,,52471,174,,8dcfefa5-095c-4878-bc57-367a528a77d9,TextField,,Delete Parent ID,,8261,false,,false,false,,,,,,1074,Delete,false,false
6727175,2025-06-25T16:21:53.435035Z,2025-06-25T16:21:53.435035Z,,,52471,175,,c00b7adc-f29f-4388-8284-bd5d5bc2c831,TextField,,Delete Parent ID,,8261,false,,false,false,,,,,,1075,Delete,false,false
6727176,2025-06-25T16:21:53.435035Z,2025-06-25T16:21:53.435035Z,,,52471,176,,276a2921-8b7d-465c-89ac-ee820f9f1490,TextField,,Delete Parent ID,,8261,false,,false,false,,,,,,1076,Delete,false,false
6727177,2025-06-25T16:21:53.435035Z,2025-06-25T16:21:53.435035Z,,,52471,177,,fea5aecc-3f6d-47cd-ac0c-f5b198ad2d0a,TextField,,Delete Parent ID,,8261,false,,false,false,,,,,,1077,Delete,false,false
6727178,2025-06-25T16:21:53.435035Z,2025-06-25T16:21:53.435035Z,,,52471,178,,4e0c33dd-033d-45b9-a043-451d1c26e078,TextField,,Delete Parent ID,,8261,false,,false,false,,,,,,1078,Delete,false,false
6727179,2025-06-25T16:21:53.435035Z,2025-06-25T16:21:53.435035Z,,,52471,179,,0a28e823-bb84-4f31-97b8-b188b4a460a9,TextField,,Delete Parent ID,,8261,false,,false,false,,,,,,1079,Delete,false,false
6727180,2025-06-25T16:21:53.435035Z,2025-06-25T16:21:53.435035Z,,,52471,180,,8424ac7b-c8dc-4670-b21b-881b484c630c,TextField,,Delete Parent ID,,8261,false,,false,false,,,,,,1080,Delete,false,false
6727181,2025-06-25T16:21:53.435035Z,2025-06-25T16:21:53.435035Z,,,52471,181,,05619d54-e761-412b-9dfd-d14d1d5b0cef,TextField,,Delete Parent ID,,8261,false,,false,false,,,,,,1081,Delete,false,false
6727182,2025-06-25T16:21:53.435035Z,2025-06-25T16:21:53.435035Z,,,52471,182,,da8976fd-96d0-4abc-8a02-94eabf7013cd,TextField,,Delete Parent ID,,8261,false,,false,false,,,,,,1082,Delete,false,false
6727183,2025-06-25T16:21:53.435035Z,2025-06-25T16:21:53.435035Z,,,52471,183,,d331c423-639e-4749-be63-58df69a9bdd5,TextField,,Delete Parent ID,,8261,false,,false,false,,,,,,1083,Delete,false,false
6727184,2025-06-25T16:21:53.435035Z,2025-06-25T16:21:53.435035Z,,,52471,184,,ef8e2bce-6d50-468e-9977-baf257d8fe01,TextField,,Delete Parent ID,,8261,false,,false,false,,,,,,1084,Delete,false,false
6727185,2025-06-25T16:21:53.435035Z,2025-06-25T16:21:53.435035Z,,,52471,185,,ec465cd0-9525-4f5e-8aab-3a89816627ce,TextField,,Delete Parent ID,,8261,false,,false,false,,,,,,1085,Delete,false,false
6727186,2025-06-25T16:21:53.435035Z,2025-06-25T16:21:53.435035Z,,,52471,186,,89f3963f-6008-47bd-bd12-d44dce4fa5f6,TextField,,Delete Parent ID,,8261,false,,false,false,,,,,,1086,Delete,false,false
6727187,2025-06-25T16:21:53.435035Z,2025-06-25T16:21:53.435035Z,,,52471,187,,318229a8-d355-44c2-ab97-a69038de4576,TextField,,Delete Parent ID,,8261,false,,false,false,,,,,,1087,Delete,false,false
6727188,2025-06-25T16:21:53.435035Z,2025-06-25T16:21:53.435035Z,,,52471,188,,5fa2c449-7ccb-40ab-9d18-9f9eb9a3b8d7,TextField,,Delete Parent ID,,8261,false,,false,false,,,,,,1088,Delete,false,false
6727189,2025-06-25T16:21:53.435035Z,2025-06-25T16:21:53.435035Z,,,52471,189,,e12a4435-9227-4b1f-991d-bd755b2431f8,TextField,,Delete Parent ID,,8261,false,,false,false,,,,,,1089,Delete,false,false
6727190,2025-06-25T16:21:53.435035Z,2025-06-25T16:21:53.435035Z,,,52471,190,,f599ea48-8f5f-45c8-82fb-d93f0ee53ac8,TextField,,Delete Parent ID,,8261,false,,false,false,,,,,,1090,Delete,false,false
6727191,2025-06-25T16:21:53.435035Z,2025-06-25T16:21:53.435035Z,,,52471,191,,58514e4f-49b0-4395-8fdb-27caddda52f7,TextField,,Delete Parent ID,,8261,false,,false,false,,,,,,1091,Delete,false,false
6727192,2025-06-25T16:21:53.435035Z,2025-06-25T16:21:53.435035Z,,,52471,192,,68b6e555-fc14-486d-a81b-7a8956adde3c,TextField,,Delete Parent ID,,8261,false,,false,false,,,,,,1092,Delete,false,false
6727193,2025-06-25T16:21:53.435035Z,2025-06-25T16:21:53.435035Z,,,52471,193,,f44a2344-5f76-4e99-8257-e5e5c067073e,TextField,,Delete Parent ID,,8261,false,,false,false,,,,,,1093,Delete,false,false
6727194,2025-06-25T16:21:53.435035Z,2025-06-25T16:21:53.435035Z,,,52471,194,,65084294-8dc4-4d0a-958c-9f96fff6bb8c,TextField,,Delete Parent ID,,8261,false,,false,false,,,,,,1094,Delete,false,false
6727195,2025-06-25T16:21:53.435035Z,2025-06-25T16:21:53.435035Z,,,52471,195,,5a9928ac-4919-4573-98b9-5fbaf29bfc54,TextField,,Delete Parent ID,,8261,false,,false,false,,,,,,1095,Delete,false,false
6727196,2025-06-25T16:21:53.435035Z,2025-06-25T16:21:53.435035Z,,,52471,196,,8fe75f95-2339-4627-8554-f0be549476e8,TextField,,Delete Parent ID,,8261,false,,false,false,,,,,,1096,Delete,false,false
6727197,2025-06-25T16:21:53.435035Z,2025-06-25T16:21:53.435035Z,,,52471,197,,a247ae01-c53c-4dfd-94d1-aa00b0621772,TextField,,Delete Parent ID,,8261,false,,false,false,,,,,,1097,Delete,false,false
6727198,2025-06-25T16:21:53.435035Z,2025-06-25T16:21:53.435035Z,,,52471,198,,45596499-f6f6-4590-8074-729d03e842cf,TextField,,Delete Parent ID,,8261,false,,false,false,,,,,,1098,Delete,false,false
6727199,2025-06-25T16:21:53.435035Z,2025-06-25T16:21:53.435035Z,,,52471,199,,9173fcfe-8955-44ff-a069-c82afee59d8b,TextField,,Delete Parent ID,,8261,false,,false,false,,,,,,1099,Delete,false,false
6727200,2025-06-25T16:21:53.435035Z,2025-06-25T16:21:53.435035Z,,,52471,200,,c881f610-0f2f-4bf9-85b5-5ecea513adbe,TextField,,Delete Parent ID,,8261,false,,false,false,,,,,,1100,Delete,false,false
6727201,2025-06-25T16:21:53.435035Z,2025-06-25T16:21:53.435035Z,,,52471,201,,110b102c-c688-40c9-ab2e-8522fe11f42e,TextField,,Delete Parent ID,,8261,false,,false,false,,,,,,1101,Delete,false,false
6727202,2025-06-25T16:21:53.435035Z,2025-06-25T16:21:53.435035Z,,,52471,202,,a0104a22-5dab-4fc0-a732-d98682219d81,TextField,,Delete Parent ID,,8261,false,,false,false,,,,,,1102,Delete,false,false
6727203,2025-06-25T16:21:53.435035Z,2025-06-25T16:21:53.435035Z,,,52471,203,,c14d0204-f861-4318-9911-df26c5f022ac,TextField,,Delete Parent ID,,8261,false,,false,false,,,,,,1103,Delete,false,false
6727204,2025-06-25T16:21:53.435035Z,2025-06-25T16:21:53.435035Z,,,52471,204,,352ac24b-48d1-44ac-931c-277148436236,TextField,,Delete Parent ID,,8261,false,,false,false,,,,,,1104,Delete,false,false
6727205,2025-06-25T16:21:53.435035Z,2025-06-25T16:21:53.435035Z,,,52471,205,,7bb99d1a-e998-4b2d-91fa-37cfe1f3bdf6,TextField,,Delete Parent ID,,8261,false,,false,false,,,,,,1105,Delete,false,false
6727206,2025-06-25T16:21:53.435035Z,2025-06-25T16:21:53.435035Z,,,52471,206,,d0515c48-ef29-47dd-b8c6-bade5d7a98d1,TextField,,Delete Parent ID,,8261,false,,false,false,,,,,,1106,Delete,false,false
6727207,2025-06-25T16:21:53.435035Z,2025-06-25T16:21:53.435035Z,,,52471,207,,f02b7336-9bb4-4e52-ba7c-0cc43c750d56,TextField,,Delete Parent ID,,8261,false,,false,false,,,,,,1107,Delete,false,false
6727208,2025-06-25T16:21:53.435035Z,2025-06-25T16:21:53.435035Z,,,52471,208,,597b38de-d0f8-425d-96bd-c7687182e087,TextField,,Delete Parent ID,,8261,false,,false,false,,,,,,1108,Delete,false,false
6727209,2025-06-25T16:21:53.435035Z,2025-06-25T16:21:53.435035Z,,,52471,209,,4c4a61fc-cd7f-43bf-b41c-0d34f74b2d5b,TextField,,Delete Parent ID,,8261,false,,false,false,,,,,,1109,Delete,false,false
6727210,2025-06-25T16:21:53.435035Z,2025-06-25T16:21:53.435035Z,,,52471,210,,5047c00f-0251-4f3e-b2fa-f2d0bf6d4ed2,TextField,,Delete Parent ID,,8261,false,,false,false,,,,,,1110,Delete,false,false
6727211,2025-06-25T16:21:53.435035Z,2025-06-25T16:21:53.435035Z,,,52471,211,,f5bb494b-2fce-43b8-8e68-01d5ca156f30,TextField,,Delete Parent ID,,8261,false,,false,false,,,,,,1111,Delete,false,false
6727212,2025-06-25T16:21:53.435035Z,2025-06-25T16:21:53.435035Z,,,52471,212,,0cd925f5-0bba-4035-8ba3-0b6c154e5ba6,TextField,,Delete Parent ID,,8261,false,,false,false,,,,,,1112,Delete,false,false
6727213,2025-06-25T16:21:53.435035Z,2025-06-25T16:21:53.435035Z,,,52471,213,,383f4257-9e68-46e8-8cfb-50dc1abbfdd4,TextField,,Delete Parent ID,,8261,false,,false,false,,,,,,1113,Delete,false,false
6727214,2025-06-25T16:21:53.435035Z,2025-06-25T16:21:53.435035Z,,,52471,214,,98b18b81-eee1-41c3-9c78-e1ad16e92ae4,TextField,,Delete Parent ID,,8261,false,,false,false,,,,,,1114,Delete,false,false
6727215,2025-06-25T16:21:53.435035Z,2025-06-25T16:21:53.435035Z,,,52471,215,,e597406c-9ced-477c-a2a3-8d918ba464d6,TextField,,Delete Parent ID,,8261,false,,false,false,,,,,,1115,Delete,false,false
6727216,2025-06-25T16:21:53.435035Z,2025-06-25T16:21:53.435035Z,,,52471,216,,89abc4a8-b90f-44b7-8d5a-38dd3abb62f0,TextField,,Delete Parent ID,,8261,false,,false,false,,,,,,1116,Delete,false,false
6727217,2025-06-25T16:21:53.435035Z,2025-06-25T16:21:53.435035Z,,,52471,217,,9cc37588-ea84-4de1-86dd-6440b8335b89,TextField,,Delete Parent ID,,8261,false,,false,false,,,,,,1117,Delete,false,false
6727218,2025-06-25T16:21:53.435035Z,2025-06-25T16:21:53.435035Z,,,52471,218,,7592d7a9-1a91-4dc6-b519-7ddd1678eda3,TextField,,Delete Parent ID,,8261,false,,false,false,,,,,,1118,Delete,false,false
6727219,2025-06-25T16:21:53.435035Z,2025-06-25T16:21:53.435035Z,,,52471,219,,28052707-4032-4c79-9615-855f3d66fe2d,TextField,,Delete Parent ID,,8261,false,,false,false,,,,,,1119,Delete,false,false
6727220,2025-06-25T16:21:53.435035Z,2025-06-25T16:21:53.435035Z,,,52471,220,,92e4978d-ea72-4dbb-8e21-f44ec099e7ab,TextField,,Delete Parent ID,,8261,false,,false,false,,,,,,1120,Delete,false,false
6727221,2025-06-25T16:21:53.435035Z,2025-06-25T16:21:53.435035Z,,,52471,221,,2001a849-ad58-49a2-adfe-2ebb8dbaa519,TextField,,Delete Parent ID,,8261,false,,false,false,,,,,,1121,Delete,false,false
6727222,2025-06-25T16:21:53.435035Z,2025-06-25T16:21:53.435035Z,,,52471,222,,58a3255b-d3ff-464f-baad-8b5e8bbf6f67,TextField,,Delete Parent ID,,8261,false,,false,false,,,,,,1122,Delete,false,false
6727223,2025-06-25T16:21:53.435035Z,2025-06-25T16:21:53.435035Z,,,52471,223,,cbc6d25a-bdb2-45e8-85f4-e7dffd32d1b6,TextField,,Delete Parent ID,,8261,false,,false,false,,,,,,1123,Delete,false,false
6727224,2025-06-25T16:21:53.435035Z,2025-06-25T16:21:53.435035Z,,,52471,224,,3ab50829-f283-49f6-a8bf-b08cd6a27361,TextField,,Delete Parent ID,,8261,false,,false,false,,,,,,1124,Delete,false,false
6727225,2025-06-25T16:21:53.435035Z,2025-06-25T16:21:53.435035Z,,,52471,225,,6e67fe33-60e7-4331-8b1b-dda4d7987b36,TextField,,Delete Parent ID,,8261,false,,false,false,,,,,,1125,Delete,false,false
6727226,2025-06-25T16:21:53.435035Z,2025-06-25T16:21:53.435035Z,,,52471,226,,be3687be-b95e-4e54-8e16-9a32ac6c1446,TextField,,Delete Parent ID,,8261,false,,false,false,,,,,,1126,Delete,false,false
6727227,2025-06-25T16:21:53.435035Z,2025-06-25T16:21:53.435035Z,,,52471,227,,1367b63b-3866-4242-a01a-2047e89f6c91,TextField,,Delete Parent ID,,8261,false,,false,false,,,,,,1127,Delete,false,false
6727228,2025-06-25T16:21:53.435035Z,2025-06-25T16:21:53.435035Z,,,52471,228,,f06b46ed-f727-4124-9055-acdde71472d2,TextField,,Delete Parent ID,,8261,false,,false,false,,,,,,1128,Delete,false,false
6727229,2025-06-25T16:21:53.435035Z,2025-06-25T16:21:53.435035Z,,,52471,229,,39e02cdd-52c0-4749-9d41-c6ee41723ef7,TextField,,Delete Parent ID,,8261,false,,false,false,,,,,,1129,Delete,false,false
6727230,2025-06-25T16:21:53.435035Z,2025-06-25T16:21:53.435035Z,,,52471,230,,7a68eabf-1db9-4d73-9b3f-4439c0a12274,TextField,,Delete Parent ID,,8261,false,,false,false,,,,,,1130,Delete,false,false
6727231,2025-06-25T16:21:53.435035Z,2025-06-25T16:21:53.435035Z,,,52471,231,,6ad0aa04-99a8-4de7-9784-93d52739899a,TextField,,Delete Parent ID,,8261,false,,false,false,,,,,,1131,Delete,false,false
